Lara Croft Tomb Raider: The Cradle of Life,3.1,61.05848016095251
Thelma & Louise,3.3,58.11525026621115
Notorious,3.6,57.182402450653754
Mission: Impossible III,3.3,56.59787222576889
Ocean's Twelve,3.4,56.00963278079312
The Bourne Supremacy,3.9,54.622000957758274
Mission: Impossible III,3.3,54.244931049298295
The Chronicles of Riddick,3.3,54.24492607668496
Armageddon,3.5,54.20188380266485
The Lost World: Jurassic Park,3.2,53.58686594001344
